master_id,domain,title
"1","Loans & Credit","Loan Payment Calculator"
"2","Loans & Credit","Loan EMI Calculator"
"3","Loans & Credit","Amortization Calculator"
"4","Loans & Credit","Loan Payoff Calculator"
"5","Loans & Credit","Extra Payment Calculator"
"6","Loans & Credit","Personal Loan Calculator"
"7","Loans & Credit","Auto Loan Calculator"
"8","Loans & Credit","Student Loan Calculator"
"9","Loans & Credit","APR Calculator"
"10","Loans & Credit","Interest Rate Calculator"
"11","Loans & Credit","Loan Term Calculator"
"12","Loans & Credit","Loan Amount Affordability Calculator"
"13","Loans & Credit","Debt-to-Income Ratio Calculator"
"14","Loans & Credit","Debt Payoff Calculator"
"15","Loans & Credit","Debt Snowball Calculator"
"16","Loans & Credit","Debt Avalanche Calculator"
"17","Loans & Credit","Snowball vs Avalanche Calculator"
"18","Loans & Credit","Credit Card Payoff Calculator"
"19","Loans & Credit","Credit Card Minimum Payment Calculator"
"20","Loans & Credit","Balance Transfer Calculator"
"21","Loans & Credit","Debt Consolidation Calculator"
"22","Loans & Credit","Home Equity Loan Calculator"
"23","Loans & Credit","HELOC Calculator"
"24","Loans & Credit","Refinance Calculator"
"25","Loans & Credit","Payoff Date Goal Solver"
"26","Mortgage & Property Finance","Mortgage Calculator"
"27","Mortgage & Property Finance","Mortgage Amortization Calculator"
"28","Mortgage & Property Finance","Mortgage Payoff Calculator"
"29","Mortgage & Property Finance","Mortgage Extra Payment Calculator"
"30","Mortgage & Property Finance","Mortgage Affordability Calculator"
"31","Mortgage & Property Finance","Down Payment Calculator"
"32","Mortgage & Property Finance","Rent vs Buy Calculator"
"33","Mortgage & Property Finance","Refinance Break-even Calculator"
"34","Mortgage & Property Finance","Property Tax Calculator"
"35","Mortgage & Property Finance","Closing Cost Calculator"
"36","Mortgage & Property Finance","Rental Property Calculator"
"37","Mortgage & Property Finance","Rental Cash Flow Calculator"
"38","Mortgage & Property Finance","Net Operating Income Calculator"
"39","Mortgage & Property Finance","Cap Rate Calculator"
"40","Mortgage & Property Finance","Cash-on-Cash Return Calculator"
"41","Mortgage & Property Finance","DSCR Calculator"
"42","Mortgage & Property Finance","Gross Rent Multiplier Calculator"
"43","Mortgage & Property Finance","Rental ROI Calculator"
"44","Mortgage & Property Finance","Vacancy Impact Calculator"
"45","Mortgage & Property Finance","Property Appreciation Calculator"
"46","Mortgage & Property Finance","House Flipping Profit Calculator"
"47","Mortgage & Property Finance","Renovation ROI Calculator"
"48","Mortgage & Property Finance","Investment Property Affordability Calculator"
"49","Mortgage & Property Finance","Mortgage + Rental Combined Model"
"50","Investing & Wealth","Simple Interest Calculator"
"51","Investing & Wealth","Compound Interest Calculator"
"52","Investing & Wealth","SIP Calculator"
"53","Investing & Wealth","Step-Up SIP Calculator"
"54","Investing & Wealth","SWP Calculator"
"55","Investing & Wealth","Fixed/Term Deposit Calculator"
"56","Investing & Wealth","Recurring Deposit Calculator"
"57","Investing & Wealth","Investment Growth Calculator"
"58","Investing & Wealth","Savings Calculator"
"59","Investing & Wealth","Future Value Calculator"
"60","Investing & Wealth","Present Value Calculator"
"61","Investing & Wealth","Periodic Payment Calculator"
"62","Investing & Wealth","Required Rate of Return Calculator"
"63","Investing & Wealth","Investment Duration Calculator"
"64","Investing & Wealth","ROI Calculator"
"65","Investing & Wealth","IRR Calculator"
"66","Investing & Wealth","CAGR Calculator"
"67","Investing & Wealth","Average Return Calculator"
"68","Investing & Wealth","Real Return Calculator"
"69","Investing & Wealth","Inflation-Adjusted Return Calculator"
"70","Investing & Wealth","Dollar-Cost Averaging Calculator"
"71","Investing & Wealth","Lump Sum vs SIP Calculator"
"72","Investing & Wealth","Bond Yield Calculator"
"73","Investing & Wealth","Bond Price Calculator"
"74","Investing & Wealth","Dividend Yield Calculator"
"75","Investing & Wealth","Dividend Growth Calculator"
"76","Investing & Wealth","Mutual Fund Return Calculator"
"77","Investing & Wealth","ETF Return Calculator"
"78","Investing & Wealth","Payback Period Calculator"
"79","Investing & Wealth","Rule of 72 Calculator"
"80","Retirement & Financial Independence","Retirement Corpus Calculator"
"81","Retirement & Financial Independence","Retirement Savings Calculator"
"82","Retirement & Financial Independence","Retirement Age Calculator"
"83","Retirement & Financial Independence","Required Monthly Retirement Investment Calculator"
"84","Retirement & Financial Independence","Inflation-Adjusted Retirement Need Calculator"
"85","Retirement & Financial Independence","Retirement Withdrawal Calculator"
"86","Retirement & Financial Independence","Retirement Longevity Calculator"
"87","Retirement & Financial Independence","Safe Withdrawal Rate Calculator"
"88","Retirement & Financial Independence","FIRE Calculator"
"89","Retirement & Financial Independence","Coast FIRE Calculator"
"90","Retirement & Financial Independence","Lean FIRE Calculator"
"91","Retirement & Financial Independence","Fat FIRE Calculator"
"92","Retirement & Financial Independence","Pension Calculator"
"93","Retirement & Financial Independence","Retirement Income Gap Calculator"
"94","Retirement & Financial Independence","Retirement Replacement Ratio Calculator"
"95","Retirement & Financial Independence","Required Minimum Distribution Calculator"
"96","Retirement & Financial Independence","401(k) Calculator"
"97","Retirement & Financial Independence","Roth IRA Calculator"
"98","Retirement & Financial Independence","Traditional IRA Calculator"
"99","Personal Finance & Household","Net Worth Calculator"
"100","Personal Finance & Household","Monthly Budget Calculator"
"101","Personal Finance & Household","50/30/20 Budget Calculator"
"102","Personal Finance & Household","Savings Rate Calculator"
"103","Personal Finance & Household","Emergency Fund Calculator"
"104","Personal Finance & Household","Housing Affordability Calculator"
"105","Personal Finance & Household","Vehicle Affordability Calculator"
"106","Personal Finance & Household","Education Savings Calculator"
"107","Personal Finance & Household","Wedding Budget Calculator"
"108","Personal Finance & Household","Vacation Budget Calculator"
"109","Personal Finance & Household","Cost of Living Comparison Calculator"
"110","Personal Finance & Household","Salary to Hourly Calculator"
"111","Personal Finance & Household","Hourly to Salary Calculator"
"112","Personal Finance & Household","Overtime Pay Calculator"
"113","Personal Finance & Household","Raise Percentage Calculator"
"114","Personal Finance & Household","Purchasing Power Calculator"
"115","Personal Finance & Household","Inflation Calculator"
"116","Personal Finance & Household","Tip Calculator"
"117","Personal Finance & Household","Discount Calculator"
"118","Personal Finance & Household","Percent Off Calculator"
"119","Personal Finance & Household","Commission Calculator"
"120","Tax & Payroll","Income Tax Calculator"
"121","Tax & Payroll","Take-Home Pay Calculator"
"122","Tax & Payroll","Gross-to-Net Salary Calculator"
"123","Tax & Payroll","Net-to-Gross Salary Calculator"
"124","Tax & Payroll","Payroll Tax Calculator"
"125","Tax & Payroll","Sales Tax Calculator"
"126","Tax & Payroll","GST Calculator"
"127","Tax & Payroll","VAT Calculator"
"128","Tax & Payroll","Capital Gains Tax Calculator"
"129","Tax & Payroll","Dividend Tax Calculator"
"130","Tax & Payroll","Self-Employment Tax Calculator"
"131","Tax & Payroll","Freelancer Tax Reserve Calculator"
"132","Tax & Payroll","Corporate Tax Estimate Calculator"
"133","Tax & Payroll","Property Tax Estimate Calculator"
"134","Tax & Payroll","Tax Effective Rate Calculator"
"135","Tax & Payroll","Tax Marginal Rate Calculator"
"136","Tax & Payroll","Salary Sacrifice Calculator"
"137","Tax & Payroll","Bonus Tax Calculator"
"138","Business & Accounting","Break-even Calculator"
"139","Business & Accounting","Gross Margin Calculator"
"140","Business & Accounting","Net Margin Calculator"
"141","Business & Accounting","Markup Calculator"
"142","Business & Accounting","Contribution Margin Calculator"
"143","Business & Accounting","Target Profit Calculator"
"144","Business & Accounting","Profit Calculator"
"145","Business & Accounting","Revenue Calculator"
"146","Business & Accounting","Cost of Goods Sold Calculator"
"147","Business & Accounting","Operating Margin Calculator"
"148","Business & Accounting","EBITDA Margin Calculator"
"149","Business & Accounting","Current Ratio Calculator"
"150","Business & Accounting","Quick Ratio Calculator"
"151","Business & Accounting","Working Capital Calculator"
"152","Business & Accounting","Inventory Turnover Calculator"
"153","Business & Accounting","Receivables Turnover Calculator"
"154","Business & Accounting","Return on Assets Calculator"
"155","Business & Accounting","Return on Equity Calculator"
"156","Business & Accounting","Project Profitability Calculator"
"157","Business & Accounting","Freelancer Hourly Rate Calculator"
"158","Business & Accounting","Agency Pricing Calculator"
"159","Business & Accounting","Discount Impact Calculator"
"160","Business & Accounting","Price Increase Impact Calculator"
"161","Business & Accounting","Unit Economics Calculator"
"162","SaaS & Startups","MRR Calculator"
"163","SaaS & Startups","ARR Calculator"
"164","SaaS & Startups","MRR Growth Calculator"
"165","SaaS & Startups","MRR Movement Calculator"
"166","SaaS & Startups","Churn Rate Calculator"
"167","SaaS & Startups","Retention Rate Calculator"
"168","SaaS & Startups","Net Revenue Retention Calculator"
"169","SaaS & Startups","Gross Revenue Retention Calculator"
"170","SaaS & Startups","ARPU Calculator"
"171","SaaS & Startups","ARPA Calculator"
"172","SaaS & Startups","Customer Acquisition Cost Calculator"
"173","SaaS & Startups","Customer Lifetime Value Calculator"
"174","SaaS & Startups","LTV:CAC Calculator"
"175","SaaS & Startups","CAC Payback Period Calculator"
"176","SaaS & Startups","SaaS Magic Number Calculator"
"177","SaaS & Startups","Rule of 40 Calculator"
"178","SaaS & Startups","Burn Rate Calculator"
"179","SaaS & Startups","Runway Calculator"
"180","SaaS & Startups","SaaS Gross Margin Calculator"
"181","SaaS & Startups","Subscription Pricing Calculator"
"182","SaaS & Startups","Expansion Revenue Calculator"
"183","SaaS & Startups","Cohort Retention Calculator"
"184","E-commerce & Marketing","ROAS Calculator"
"185","E-commerce & Marketing","Break-even ROAS Calculator"
"186","E-commerce & Marketing","Marketing ROI Calculator"
"187","E-commerce & Marketing","CPA Calculator"
"188","E-commerce & Marketing","CPC Calculator"
"189","E-commerce & Marketing","CPM Calculator"
"190","E-commerce & Marketing","CTR Calculator"
"191","E-commerce & Marketing","Conversion Rate Calculator"
"192","E-commerce & Marketing","Average Order Value Calculator"
"193","E-commerce & Marketing","MER Calculator"
"194","E-commerce & Marketing","Ad Budget Calculator"
"195","E-commerce & Marketing","Target ROAS Calculator"
"196","E-commerce & Marketing","Email Conversion Calculator"
"197","E-commerce & Marketing","Affiliate Commission Calculator"
"198","E-commerce & Marketing","Marketplace Fee Calculator"
"199","E-commerce & Marketing","Etsy Profit Calculator"
"200","E-commerce & Marketing","Marketplace Profit Calculator"
"201","E-commerce & Marketing","Promotion Profitability Calculator"
"202","E-commerce & Marketing","Discount Profitability Calculator"
"203","E-commerce & Marketing","Shipping Profit Calculator"
"204","E-commerce & Marketing","Return Rate Impact Calculator"
"205","Math","Basic Calculator"
"206","Math","Scientific Calculator"
"207","Math","Percentage Calculator"
"208","Math","Percentage Change Calculator"
"209","Math","Percentage Increase Calculator"
"210","Math","Percentage Decrease Calculator"
"211","Math","Ratio Calculator"
"212","Math","Proportion Calculator"
"213","Math","Fraction Calculator"
"214","Math","Decimal to Fraction Calculator"
"215","Math","Fraction to Decimal Calculator"
"216","Math","Average Calculator"
"217","Math","Weighted Average Calculator"
"218","Math","Square Calculator"
"219","Math","Cube Calculator"
"220","Math","Square Root Calculator"
"221","Math","Cube Root Calculator"
"222","Math","Power Calculator"
"223","Math","Exponent Calculator"
"224","Math","Logarithm Calculator"
"225","Math","Reciprocal Calculator"
"226","Math","Remainder Calculator"
"227","Math","LCM Calculator"
"228","Math","GCF Calculator"
"229","Math","Factor Calculator"
"230","Math","Rounding Calculator"
"231","Math","Scientific Notation Calculator"
"232","Math","Big Number Calculator"
"233","Math","Random Number Generator"
"234","Math","Percent Error Calculator"
"235","Advanced Math & Graphing","Graphing Calculator"
"236","Advanced Math & Graphing","Equation Solver"
"237","Advanced Math & Graphing","Linear Equation Solver"
"238","Advanced Math & Graphing","Quadratic Formula Calculator"
"239","Advanced Math & Graphing","System of Equations Solver"
"240","Advanced Math & Graphing","Matrix Calculator"
"241","Advanced Math & Graphing","Matrix Determinant Calculator"
"242","Advanced Math & Graphing","Matrix Inverse Calculator"
"243","Advanced Math & Graphing","RREF Calculator"
"244","Advanced Math & Graphing","Complex Number Calculator"
"245","Advanced Math & Graphing","Vector Calculator"
"246","Advanced Math & Graphing","Derivative Calculator"
"247","Advanced Math & Graphing","Integral Calculator"
"248","Advanced Math & Graphing","Limit Calculator"
"249","Advanced Math & Graphing","Sequence Calculator"
"250","Advanced Math & Graphing","Series Calculator"
"251","Advanced Math & Graphing","2D Function Plotter"
"252","Advanced Math & Graphing","3D Function Plotter"
"253","Advanced Math & Graphing","Polynomial Calculator"
"254","Advanced Math & Graphing","Root Finder Calculator"
"255","Geometry","Hypotenuse Calculator"
"256","Geometry","Triangle Area Calculator"
"257","Geometry","Triangle Calculator"
"258","Geometry","Right Triangle Calculator"
"259","Geometry","Rectangle Area Calculator"
"260","Geometry","Rectangle Perimeter Calculator"
"261","Geometry","Square Area Calculator"
"262","Geometry","Square Perimeter Calculator"
"263","Geometry","Circle Area Calculator"
"264","Geometry","Circle Circumference Calculator"
"265","Geometry","Circle Diameter Calculator"
"266","Geometry","Parallelogram Area Calculator"
"267","Geometry","Trapezoid Area Calculator"
"268","Geometry","Polygon Area Calculator"
"269","Geometry","Sphere Volume Calculator"
"270","Geometry","Sphere Surface Area Calculator"
"271","Geometry","Cylinder Volume Calculator"
"272","Geometry","Cone Volume Calculator"
"273","Geometry","Rectangular Prism Volume Calculator"
"274","Geometry","Surface Area Calculator"
"275","Geometry","Volume Calculator"
"276","Geometry","Slope Calculator"
"277","Geometry","Distance Calculator"
"278","Geometry","Pythagorean Theorem Calculator"
"279","Geometry","Degrees to Radians Calculator"
"280","Geometry","Radians to Degrees Calculator"
"281","Statistics & Probability","Mean Median Mode Range Calculator"
"282","Statistics & Probability","Standard Deviation Calculator"
"283","Statistics & Probability","Variance Calculator"
"284","Statistics & Probability","Z-Score Calculator"
"285","Statistics & Probability","Confidence Interval Calculator"
"286","Statistics & Probability","Sample Size Calculator"
"287","Statistics & Probability","Probability Calculator"
"288","Statistics & Probability","Permutation Calculator"
"289","Statistics & Probability","Combination Calculator"
"290","Statistics & Probability","Binomial Probability Calculator"
"291","Statistics & Probability","Normal Distribution Calculator"
"292","Statistics & Probability","Correlation Calculator"
"293","Statistics & Probability","Linear Regression Calculator"
"294","Statistics & Probability","Weighted Mean Calculator"
"295","Statistics & Probability","Percentile Calculator"
"296","Statistics & Probability","Quartile Calculator"
"297","Statistics & Probability","Interquartile Range Calculator"
"298","Statistics & Probability","Coefficient of Variation Calculator"
"299","Statistics & Probability","Expected Value Calculator"
"300","Statistics & Probability","Bayes Theorem Calculator"
"301","Statistics & Probability","Odds Calculator"
"302","Physics","Speed Calculator"
"303","Physics","Velocity Calculator"
"304","Physics","Acceleration Calculator"
"305","Physics","Distance-Time Calculator"
"306","Physics","Force Calculator"
"307","Physics","Work Calculator"
"308","Physics","Power Calculator"
"309","Physics","Kinetic Energy Calculator"
"310","Physics","Potential Energy Calculator"
"311","Physics","Momentum Calculator"
"312","Physics","Pressure Calculator"
"313","Physics","Density Calculator"
"314","Physics","Frequency Calculator"
"315","Physics","Period Calculator"
"316","Physics","Wavelength Calculator"
"317","Physics","Ohm's Law Calculator"
"318","Physics","Electrical Power Calculator"
"319","Physics","Voltage Calculator"
"320","Physics","Current Calculator"
"321","Physics","Resistance Calculator"
"322","Physics","Capacitance Calculator"
"323","Physics","Coulomb Force Calculator"
"324","Physics","Projectile Motion Calculator"
"325","Physics","Free Fall Calculator"
"326","Physics","Torque Calculator"
"327","Physics","Angular Velocity Calculator"
"328","Chemistry","Molarity Calculator"
"329","Chemistry","Molality Calculator"
"330","Chemistry","Molecular Weight Calculator"
"331","Chemistry","Moles Calculator"
"332","Chemistry","Dilution Calculator"
"333","Chemistry","pH Calculator"
"334","Chemistry","Ideal Gas Law Calculator"
"335","Chemistry","Gas Density Calculator"
"336","Chemistry","Percent Composition Calculator"
"337","Chemistry","Solution Concentration Calculator"
"338","Chemistry","Stoichiometry Calculator"
"339","Chemistry","Half-Life Calculator"
"340","Chemistry","Nernst Equation Calculator"
"341","Chemistry","Beer-Lambert Law Calculator"
"342","Chemistry","Titration Calculator"
"343","Engineering & Construction","Concrete Calculator"
"344","Engineering & Construction","Square Footage Calculator"
"345","Engineering & Construction","Paint Calculator"
"346","Engineering & Construction","Flooring Calculator"
"347","Engineering & Construction","Roofing Calculator"
"348","Engineering & Construction","Tile Calculator"
"349","Engineering & Construction","Drywall Calculator"
"350","Engineering & Construction","Lumber Calculator"
"351","Engineering & Construction","Stair Calculator"
"352","Engineering & Construction","Fence Calculator"
"353","Engineering & Construction","Decking Calculator"
"354","Engineering & Construction","Gravel Calculator"
"355","Engineering & Construction","Asphalt Calculator"
"356","Engineering & Construction","Excavation Calculator"
"357","Engineering & Construction","Wallpaper Calculator"
"358","Engineering & Construction","Insulation Calculator"
"359","Engineering & Construction","Pool Volume Calculator"
"360","Engineering & Construction","Water Tank Calculator"
"361","Engineering & Construction","Pipe Volume Calculator"
"362","Engineering & Construction","Electrical Load Calculator"
"363","Engineering & Construction","Voltage Drop Calculator"
"364","Engineering & Construction","Resistor Calculator"
"365","Engineering & Construction","HVAC BTU Calculator"
"366","Engineering & Construction","Solar Panel Requirement Calculator"
"367","Engineering & Construction","Battery Storage Calculator"
"368","Technology & Computing","IP Subnet Calculator"
"369","Technology & Computing","CIDR Calculator"
"370","Technology & Computing","Bandwidth Calculator"
"371","Technology & Computing","Download Time Calculator"
"372","Technology & Computing","Upload Time Calculator"
"373","Technology & Computing","Data Transfer Calculator"
"374","Technology & Computing","Storage Conversion Calculator"
"375","Technology & Computing","RAID Capacity Calculator"
"376","Technology & Computing","Screen PPI Calculator"
"377","Technology & Computing","Aspect Ratio Calculator"
"378","Technology & Computing","Resolution Calculator"
"379","Technology & Computing","DPI Calculator"
"380","Technology & Computing","Battery Runtime Calculator"
"381","Technology & Computing","UPS Runtime Calculator"
"382","Technology & Computing","Power Supply Calculator"
"383","Technology & Computing","Website Bandwidth Calculator"
"384","Technology & Computing","Cloud Storage Cost Calculator"
"385","Technology & Computing","Cloud Data Transfer Cost Calculator"
"386","Technology & Computing","Base64 Size Calculator"
"387","Technology & Computing","Password Entropy Calculator"
"388","Health & Fitness","BMI Calculator"
"389","Health & Fitness","BMR Calculator"
"390","Health & Fitness","TDEE Calculator"
"391","Health & Fitness","Calorie Calculator"
"392","Health & Fitness","Body Fat Calculator"
"393","Health & Fitness","Ideal Weight Calculator"
"394","Health & Fitness","Healthy Weight Calculator"
"395","Health & Fitness","Lean Body Mass Calculator"
"396","Health & Fitness","Body Surface Area Calculator"
"397","Health & Fitness","Macro Calculator"
"398","Health & Fitness","Protein Intake Calculator"
"399","Health & Fitness","Carbohydrate Intake Calculator"
"400","Health & Fitness","Fat Intake Calculator"
"401","Health & Fitness","Calories Burned Calculator"
"402","Health & Fitness","Pace Calculator"
"403","Health & Fitness","One Rep Max Calculator"
"404","Health & Fitness","Target Heart Rate Calculator"
"405","Health & Fitness","Pregnancy Due Date Calculator"
"406","Health & Fitness","Pregnancy Weight Gain Calculator"
"407","Health & Fitness","Ovulation Calculator"
"408","Health & Fitness","Conception Calculator"
"409","Health & Fitness","GFR Calculator"
"410","Health & Fitness","Sleep Calculator"
"411","Biology & Life Science","Population Growth Calculator"
"412","Biology & Life Science","Population Doubling Time Calculator"
"413","Biology & Life Science","Cell Dilution Calculator"
"414","Biology & Life Science","Cell Concentration Calculator"
"415","Biology & Life Science","DNA Concentration Calculator"
"416","Biology & Life Science","RNA Concentration Calculator"
"417","Biology & Life Science","Hardy-Weinberg Calculator"
"418","Biology & Life Science","Punnett Square Calculator"
"419","Biology & Life Science","Bacterial Growth Calculator"
"420","Biology & Life Science","Microbiology Dilution Calculator"
"421","Biology & Life Science","Agricultural Yield Calculator"
"422","Biology & Life Science","Plant Population Calculator"
"423","Conversion","Length Converter"
"424","Conversion","Area Converter"
"425","Conversion","Volume Converter"
"426","Conversion","Mass/Weight Converter"
"427","Conversion","Temperature Converter"
"428","Conversion","Speed Converter"
"429","Conversion","Pressure Converter"
"430","Conversion","Energy Converter"
"431","Conversion","Power Converter"
"432","Conversion","Time Converter"
"433","Conversion","Angle Converter"
"434","Conversion","Data Storage Converter"
"435","Conversion","Fuel Economy Converter"
"436","Conversion","Cooking Measurement Converter"
"437","Conversion","Density Converter"
"438","Conversion","Force Converter"
"439","Conversion","Torque Converter"
"440","Conversion","Frequency Converter"
"441","Conversion","Digital Resolution Converter"
"442","Conversion","Currency Converter"
"443","Date & Time","Age Calculator"
"444","Date & Time","Date Difference Calculator"
"445","Date & Time","Date Add/Subtract Calculator"
"446","Date & Time","Day Counter"
"447","Date & Time","Business Days Calculator"
"448","Date & Time","Time Duration Calculator"
"449","Date & Time","Hours Calculator"
"450","Date & Time","Time Card Calculator"
"451","Date & Time","Day of Week Calculator"
"452","Date & Time","Week Number Calculator"
"453","Date & Time","Time Zone Calculator"
"454","Date & Time","Countdown Calculator"
"455","Date & Time","90 Day Calculator"
"456","Date & Time","30 Day Calculator"
"457","Date & Time","60 Day Calculator"
"458","Automotive & EV","Fuel Cost Calculator"
"459","Automotive & EV","Fuel Economy Calculator"
"460","Automotive & EV","Gas Mileage Calculator"
"461","Automotive & EV","Trip Fuel Calculator"
"462","Automotive & EV","EV Charging Cost Calculator"
"463","Automotive & EV","EV Charging Time Calculator"
"464","Automotive & EV","EV Range Calculator"
"465","Automotive & EV","EV vs Petrol/Diesel Cost Calculator"
"466","Automotive & EV","Vehicle Total Cost of Ownership Calculator"
"467","Automotive & EV","Car Depreciation Calculator"
"468","Automotive & EV","Car Affordability Calculator"
"469","Automotive & EV","Auto Lease Calculator"
"470","Automotive & EV","Lease vs Buy Calculator"
"471","Automotive & EV","New vs Used Car Calculator"
"472","Automotive & EV","Loan vs Cash Calculator"
"473","Automotive & EV","Fuel Savings Calculator"
"474","Automotive & EV","Tire Size Calculator"
"475","Automotive & EV","Horsepower Calculator"
"476","Automotive & EV","Engine Horsepower Calculator"
"477","Energy & Environment","Electricity Cost Calculator"
"478","Energy & Environment","Appliance Running Cost Calculator"
"479","Energy & Environment","Home Energy Consumption Calculator"
"480","Energy & Environment","Solar Payback Calculator"
"481","Energy & Environment","Solar Panel Calculator"
"482","Energy & Environment","Battery Runtime Calculator"
"483","Energy & Environment","Battery Storage Calculator"
"484","Energy & Environment","EV Charging Energy Calculator"
"485","Energy & Environment","Carbon Footprint Calculator"
"486","Energy & Environment","Water Usage Calculator"
"487","Energy & Environment","Rainwater Harvesting Calculator"
"488","Energy & Environment","Heat Pump Savings Calculator"
"489","Energy & Environment","Lighting Energy Calculator"
"490","Energy & Environment","Wind Chill Calculator"
"491","Energy & Environment","Heat Index Calculator"
"492","Energy & Environment","Dew Point Calculator"
"493","Energy & Environment","Air Density Calculator"
"494","Energy & Environment","Altitude Pressure Calculator"
"495","Energy & Environment","Solar Position Calculator"
"496","Food & Cooking","Recipe Scaling Calculator"
"497","Food & Cooking","Serving Size Calculator"
"498","Food & Cooking","Ingredient Weight/Volume Converter"
"499","Food & Cooking","Baker's Percentage Calculator"
"500","Food & Cooking","Dough Hydration Calculator"
"501","Food & Cooking","Cake Pan Conversion Calculator"
"502","Food & Cooking","Cooking Time Adjustment Calculator"
"503","Food & Cooking","Nutrition Scaling Calculator"
"504","Food & Cooking","Coffee Ratio Calculator"
"505","Food & Cooking","Water-to-Rice Ratio Calculator"
"506","Food & Cooking","Kitchen Unit Converter"
"507","Travel & Everyday","Travel Budget Calculator"
"508","Travel & Everyday","Trip Cost Calculator"
"509","Travel & Everyday","Fuel Trip Cost Calculator"
"510","Travel & Everyday","Travel Time Calculator"
"511","Travel & Everyday","Distance Calculator"
"512","Travel & Everyday","Currency Travel Budget Calculator"
"513","Travel & Everyday","Hotel Cost Split Calculator"
"514","Travel & Everyday","Group Expense Split Calculator"
"515","Travel & Everyday","Tip Split Calculator"
"516","Travel & Everyday","GPA Calculator"
"517","Travel & Everyday","Grade Calculator"
"518","Travel & Everyday","Sleep Duration Calculator"
"519","Travel & Everyday","Household Utility Cost Calculator"
"520","Travel & Everyday","Moving Cost Calculator"
"521","Sports","Running Pace Calculator"
"522","Sports","Race Time Predictor"
"523","Sports","Cycling Speed Calculator"
"524","Sports","Swimming Pace Calculator"
"525","Sports","One Rep Max Calculator"
"526","Sports","Training Heart Rate Calculator"
"527","Sports","Golf Handicap Calculator"
"528","Sports","Calories Burned by Exercise Calculator"
"529","Sports","Power-to-Weight Ratio Calculator"
"530","Sports","VO2 Max Estimate Calculator"
"531","Earth & Astronomy","Planetary Weight Calculator"
"532","Earth & Astronomy","Orbital Period Calculator"
"533","Earth & Astronomy","Escape Velocity Calculator"
"534","Earth & Astronomy","Astronomical Distance Converter"
"535","Earth & Astronomy","Sunrise/Sunset Calculator"
"536","Earth & Astronomy","Solar Position Calculator"
"537","Earth & Astronomy","Air Pressure vs Altitude Calculator"
"538","Earth & Astronomy","Wind Chill Calculator"
"539","Earth & Astronomy","Heat Index Calculator"
"540","Earth & Astronomy","Dew Point Calculator"
